features,rank
MafK(bZIP)/C2C12-MafK-ChIP-Seq(GSE36030)/Homer,MafK(bZIP)/C2C12-MafK-ChIP-Seq(GSE36030)/Homer
Bach1(bZIP)/K562-Bach1-ChIP-Seq(GSE31477)/Homer,At1g14580(C2H2)/colamp-At1g14580-DAP-Seq(GSE60143)/Homer
NFE2L2(bZIP)/HepG2-NFE2L2-ChIP-Seq(Encode)/Homer,SPL1(SBP)/colamp-SPL1-DAP-Seq(GSE60143)/Homer
NF-E2(bZIP)/K562-NFE2-ChIP-Seq(GSE31477)/Homer,"OCT4-SOX2-TCF-NANOG(POU,Homeobox,HMG)/mES-Oct4-ChIP-Seq(GSE11431)/Homer"
Nrf2(bZIP)/Lymphoblast-Nrf2-ChIP-Seq(GSE37589)/Homer,SeqBias:
TEAD(TEA)/Fibroblast-PU.1-ChIP-Seq(Unpublished)/Homer,Unknown6/Drosophila-Promoters/Homer
TEAD1(TEAD)/HepG2-TEAD1-ChIP-Seq(Encode)/Homer,Sox3(HMG)/NPC-Sox3-ChIP-Seq(GSE33059)/Homer
TEAD2(TEA)/Py2T-Tead2-ChIP-Seq(GSE55709)/Homer,dof45(C2C2dof)/col-dof45-DAP-Seq(GSE60143)/Homer
TEAD4(TEA)/Tropoblast-Tead4-ChIP-Seq(GSE37350)/Homer,dof43(C2C2dof)/colamp-dof43-DAP-Seq(GSE60143)/Homer
TEAD3(TEA)/HepG2-TEAD3-ChIP-Seq(Encode)/Homer,SGR5(C2H2)/colamp-SGR5-DAP-Seq(GSE60143)/Homer
Fra1(bZIP)/BT549-Fra1-ChIP-Seq(GSE46166)/Homer,Adof1(C2C2dof)/col-Adof1-DAP-Seq(GSE60143)/Homer
MafB(bZIP)/BMM-Mafb-ChIP-Seq(GSE75722)/Homer,COG1(C2C2dof)/col-COG1-DAP-Seq(GSE60143)/Homer
MafA(bZIP)/Islet-MafA-ChIP-Seq(GSE30298)/Homer,Sox2(HMG)/mES-Sox2-ChIP-Seq(GSE11431)/Homer
AT2G31460(REMB3)/col-AT2G31460-DAP-Seq(GSE60143)/Homer,"11-CTTTCATA,BestGuess:AT/dmmpmm(Papatsenko)/fly(0.771)"
Pdx1(Homeobox)/Islet-Pdx1-ChIP-Seq(SRA008281)/Homer,Sox4(HMG)/proB-Sox4-ChIP-Seq(GSE50066)/Homer
ASHR1(ND)/col-ASHR1-DAP-Seq(GSE60143)/Homer,bHLHE41(bHLH)/proB-Bhlhe41-ChIP-Seq(GSE93764)/Homer
CArG(MADS)/PUER-Srf-ChIP-Seq(Sullivan_et_al.)/Homer,NPAS2(bHLH)/Liver-NPAS2-ChIP-Seq(GSE39860)/Homer
NFkB-p65-Rel(RHD)/ThioMac-LPS-Expression(GSE23622)/Homer,Sox15(HMG)/CPA-Sox15-ChIP-Seq(GSE62909)/Homer
SOC1(MADS)/Seedling-SOC1-ChIP-Seq(GSE45846)/Homer,MITF(bHLH)/MastCells-MITF-ChIP-Seq(GSE48085)/Homer
ISRE(IRF)/ThioMac-LPS-Expression(GSE23622)/Homer,Sox10(HMG)/SciaticNerve-Sox3-ChIP-Seq(GSE35132)/Homer
YY1(Zf)/Promoter/Homer,BMAL1(bHLH)/Liver-Bmal1-ChIP-Seq(GSE39860)/Homer
Fra2(bZIP)/Striatum-Fra2-ChIP-Seq(GSE43429)/Homer,Ptf1a(bHLH)/Panc1-Ptf1a-ChIP-Seq(GSE47459)/Homer
c-Jun-CRE(bZIP)/K562-cJun-ChIP-Seq(GSE31477)/Homer,Myf5(bHLH)/GM-Myf5-ChIP-Seq(GSE24852)/Homer
Atf7(bZIP)/3T3L1-Atf7-ChIP-Seq(GSE56872)/Homer,23-ACACACACACAS
MYB63(MYB)/col-MYB63-DAP-Seq(GSE60143)/Homer,"5-CACCATGTTG,BestGuess:Tv_0259(RRM)/Trichomonas_vaginalis-RNCMPT00259-PBM/HughesRNA(0.783)"
CRC(C2C2YABBY)/col-CRC-DAP-Seq(GSE60143)/Homer,"5-ACTAGTAG,BestGuess:br-Z3/dmmpmm(Pollard)/fly(0.733)"
AGL63(MADS)/col-AGL63-DAP-Seq(GSE60143)/Homer,5-ACTAGTAG
ATHB15(HB)/col-ATHB15-DAP-Seq(GSE60143)/Homer,"6-TCCACCTC,BestGuess:AT3G57600(AP2EREBP)/col-AT3G57600-DAP-Seq(GSE60143)/Homer(0.721)"
Etv2(ETS)/ES-ER71-ChIP-Seq(GSE59402)/Homer(0.967),6-TCCACCTC
AT4G26030(C2H2)/col-AT4G26030-DAP-Seq(GSE60143)/Homer,"3-AACCCCGTCTCT,BestGuess:SRSF10(RRM)/Homo_sapiens-RNCMPT00090-PBM/HughesRNA(0.703)"
Atf2(bZIP)/3T3L1-Atf2-ChIP-Seq(GSE56872)/Homer,3-AACCCCGTCTCT
Sp1(Zf)/Promoter/Homer,7-ATGTWCCTGTCT
JunB(bZIP)/DendriticCells-Junb-ChIP-Seq(GSE36099)/Homer,"7-ACCTAGGT,BestGuess:SRS7(SRS)/colamp-SRS7-DAP-Seq(GSE60143)/Homer(0.759)"
MS188(MYB)/colamp-MS188-DAP-Seq(GSE60143)/Homer,7-ACCTAGGT
MYB62(MYB)/colamp-MYB62-DAP-Seq(GSE60143)/Homer,MYB81(MYB)/col-MYB81-DAP-Seq(GSE60143)/Homer
KLF3(Zf)/MEF-Klf3-ChIP-Seq(GSE44748)/Homer,AT1G47655(C2C2dof)/colamp-AT1G47655-DAP-Seq(GSE60143)/Homer
MYB40(MYB)/col-MYB40-DAP-Seq(GSE60143)/Homer,OBP3(C2C2dof)/col-OBP3-DAP-Seq(GSE60143)/Homer
MYB67(MYB)/col-MYB67-DAP-Seq(GSE60143)/Homer,SOL1(CPP)/colamp-SOL1-DAP-Seq(GSE60143)/Homer
Atf3(bZIP)/GBM-ATF3-ChIP-Seq(GSE33912)/Homer,TCX2(CPP)/colamp-TCX2-DAP-Seq(GSE60143)/Homer
BATF(bZIP)/Th17-BATF-ChIP-Seq(GSE39756)/Homer,At1g64620(C2C2dof)/colamp-At1g64620-DAP-Seq(GSE60143)/Homer
AP-1(bZIP)/ThioMac-PU.1-ChIP-Seq(GSE21512)/Homer,CLOCK(bHLH)/Liver-Clock-ChIP-Seq(GSE39860)/Homer
Fosl2(bZIP)/3T3L1-Fosl2-ChIP-Seq(GSE56872)/Homer,STAT5(Stat)/mCD4+-Stat5-ChIP-Seq(GSE12346)/Homer
Jun-AP1(bZIP)/K562-cJun-ChIP-Seq(GSE31477)/Homer,Sox17(HMG)/Endoderm-Sox17-ChIP-Seq(GSE61475)/Homer
Bach2(bZIP)/OCILy7-Bach2-ChIP-Seq(GSE44420)/Homer,Sox6(HMG)/Myotubes-Sox6-ChIP-Seq(GSE32627)/Homer
"8-AATTTTTACT,BestGuess:ATHB-16/MA0951.1/Jaspar(0.738)",TFE3(bHLH)/MEF-TFE3-ChIP-Seq(GSE75757)/Homer
8-AATTTTTACT,NPAS(bHLH)/Liver-NPAS-ChIP-Seq(GSE39860)/Homer
"9-ATTGGTAAGT,BestGuess:GTS1(MacIsaac)/Yeast(0.750)",PIF4(bHLH)/Seedling-PIF4-ChIP-Seq(GSE35315)/Homer
9-ATTGGTAAGT,Tcf12(bHLH)/GM12878-Tcf12-ChIP-Seq(GSE32465)/Homer
"10-ACCAGATAGTCT,BestGuess:TAL1::TCF3/MA0091.1/Jaspar(0.713)",MyoD(bHLH)/Myotube-MyoD-ChIP-Seq(GSE21614)/Homer
10-ACCAGATAGTCT,AT3G52440(C2C2dof)/colamp-AT3G52440-DAP-Seq(GSE60143)/Homer
"12-TTTTGTATATTT,BestGuess:IDD5(C2H2)/colamp-IDD5-DAP-Seq(GSE60143)/Homer(0.754)",AT5G02460(C2C2dof)/col-AT5G02460-DAP-Seq(GSE60143)/Homer
12-TTTTGTATATTT,Cbf1(bHLH)/Yeast-Cbf1-ChIP-Seq(GSE29506)/Homer
"11-TCCAGGCTGG,BestGuess:YML081W(MacIsaac)/Yeast(0.714)","12-GTACTGTT,BestGuess:PB0141.1_Isgf3g_2/Jaspar(0.779)"
11-TCCAGGCTGG,"9-AGCCCCTCTT,BestGuess:TDA9/MA0431.1/Jaspar(0.745)"
"8-TGGDDBGC,BestGuess:TEAD3(TEA)/HepG2-TEAD3-ChIP-Seq(Encode)/Homer(0.714)",9-AGCCCCTCTT
8-TGGDDBGC,"1-GTCACATGAC,BestGuess:MITF(bHLH)/MastCells-MITF-ChIP-Seq(GSE48085)/Homer(0.948)"
"12-CCTCKGCCTC,BestGuess:ZNF519(Zf)/HEK293-ZNF519.GFP-ChIP-Seq(GSE58341)/Homer(0.736)",1-GTCACATGAC
12-CCTCKGCCTC,"3-AAAGARGCCTTT,BestGuess:DOF5.7/MA0984.1/Jaspar(0.676)"
"13-GATAGATAGA,BestGuess:HNRNPAB(RRM)/Tetraodon_nigroviridis-RNCMPT00245-PBM/HughesRNA(0.747)",3-AAAGARGCCTTT
13-GATAGATAGA,"2-VBCCTTTGTT,BestGuess:Sox10(HMG)/SciaticNerve-Sox3-ChIP-Seq(GSE35132)/Homer(0.977)"
"9-GTTCAAGC,BestGuess:Ct/dmmpmm(Noyes_hd)/fly(0.909)",2-VBCCTTTGTT
9-GTTCAAGC,"4-NKTGACCTTT,BestGuess:Nur77(NR)/K562-NR4A1-ChIP-Seq(GSE31363)/Homer(0.950)"
"10-WCGGCTCA,BestGuess:POL010.1_DCE_S_III/Jaspar(0.717)",10-DTCMGCTG
10-WCGGCTCA,"9-GCTGCCTTCAAA,BestGuess:MOT3/MA0340.1/Jaspar(0.649)"
1-DVTGASTCAB,9-GCTGCCTTCAAA
"13-GGACCATTTGGC,BestGuess:PB0193.1_Tcfe2a_2/Jaspar(0.701)",BBX31(Orphan)/col-BBX31-DAP-Seq(GSE60143)/Homer
13-GGACCATTTGGC,"23-ACACACACACAS,BestGuess:SeqBias:"
"16-CGACATCCTT,BestGuess:DDF2(AP2EREBP)/col-DDF2-DAP-Seq(GSE60143)/Homer(0.772)",At5g62940(C2C2dof)/col-At5g62940-DAP-Seq(GSE60143)/Homer
16-CGACATCCTT,MyoG(bHLH)/C2C12-MyoG-ChIP-Seq(GSE36024)/Homer
"14-AGAGCATTCCAA,BestGuess:TEAD3(TEA)/HepG2-TEAD3-ChIP-Seq(Encode)/Homer(0.742)",bHLHE40(bHLH)/HepG2-BHLHE40-ChIP-Seq(GSE31477)/Homer
14-AGAGCATTCCAA,E-box(bHLH)/Promoter/Homer
"17-CCAAGATCGC,BestGuess:MATR3(RRM)/Homo_sapiens-RNCMPT00037-PBM/HughesRNA(0.775)",PIF5ox(bHLH)/Arabidopsis-PIF5ox-ChIP-Seq(GSE35062)/Homer
17-CCAAGATCGC,bHLH74(bHLH)/col-bHLH74-DAP-Seq(GSE60143)/Homer
"15-CCTCCCGGRTTC,BestGuess:SF2(RRM)/Drosophila_melanogaster-RNCMPT00066-PBM/HughesRNA(0.654)",c-Myc(bHLH)/LNCAP-cMyc-ChIP-Seq(Unpublished)/Homer
15-CCTCCCGGRTTC,LEF1(HMG)/H1-LEF1-ChIP-Seq(GSE64758)/Homer
"11-TAGCCGGG,BestGuess:NHP10/MA0344.1/Jaspar(0.697)",ABF1(bZIP)/Arabidopsis-ABF1-ChIP-Seq(GSE80564)/Homer
11-TAGCCGGG,Ap4(bHLH)/AML-Tfap4-ChIP-Seq(GSE45738)/Homer
"19-GGGACTACAG,BestGuess:PTF1(TCP)/colamp-PTF1-DAP-Seq(GSE60143)/Homer(0.747)",BIM3(bHLH)/col-BIM3-DAP-Seq(GSE60143)/Homer
19-GGGACTACAG,BIM1(bHLH)/colamp-BIM1-DAP-Seq(GSE60143)/Homer
"20-TATCAGCATCCA,BestGuess:SWI5/Literature(Harbison)/Yeast(0.649)",USF1(bHLH)/GM12878-Usf1-ChIP-Seq(GSE32465)/Homer
20-TATCAGCATCCA,SCL(bHLH)/HPC7-Scl-ChIP-Seq(GSE13511)/Homer
"21-GAAKGTGRGDKT,BestGuess:TEC1(MacIsaac)/Yeast(0.694)",AT2G28810(C2C2dof)/colamp-AT2G28810-DAP-Seq(GSE60143)/Homer
21-GAAKGTGRGDKT,E-box/Drosophila-Promoters/Homer
"20-ATAGATATTA,BestGuess:LHY(Myb)/Seedling-LHY-ChIP-Seq(GSE52175)/Homer(0.745)",Sox9(HMG)/Limb-SOX9-ChIP-Seq(GSE73225)/Homer
20-ATAGATATTA,dof42(C2C2dof)/col-dof42-DAP-Seq(GSE60143)/Homer
"4-CAGGAATGTA,BestGuess:TEAD2/MA1121.1/Jaspar(0.924)","Oct4:Sox17(POU,Homeobox,HMG)/F9-Sox17-ChIP-Seq(GSE44553)/Homer"
4-CAGGAATGTA,Usf2(bHLH)/C2C12-Usf2-ChIP-Seq(GSE36030)/Homer
"13-GGTTTCAC,BestGuess:IRF4(IRF)/GM12878-IRF4-ChIP-Seq(GSE32465)/Homer(0.840)",bHLH18(bHLH)/col-bHLH18-DAP-Seq(GSE60143)/Homer
13-GGTTTCAC,SPCH(bHLH)/Seedling-SPCH-ChIP-Seq(GSE57497)/Homer
"21-RCGGTGGTYT,BestGuess:PB0196.1_Zbtb7b_2/Jaspar(0.710)",21-RCGGTGGTYT
21-RCGGTGGTYT,11-CTTTCATA
"23-CATTTAKCCG,BestGuess:PB0163.1_Six6_2/Jaspar(0.742)",8-TGGDDBGC
23-CATTTAKCCG,NFkB-p65-Rel(RHD)/ThioMac-LPS-Expression(GSE23622)/Homer
"23-ACACACACACAS,BestGuess:SeqBias:",Fosl2(bZIP)/3T3L1-Fosl2-ChIP-Seq(GSE56872)/Homer
23-ACACACACACAS,AP-1(bZIP)/ThioMac-PU.1-ChIP-Seq(GSE21512)/Homer
"5-CACCATGTTG,BestGuess:Tv_0259(RRM)/Trichomonas_vaginalis-RNCMPT00259-PBM/HughesRNA(0.783)",BATF(bZIP)/Th17-BATF-ChIP-Seq(GSE39756)/Homer
5-CACCATGTTG,Fra2(bZIP)/Striatum-Fra2-ChIP-Seq(GSE43429)/Homer
"5-ACTAGTAG,BestGuess:br-Z3/dmmpmm(Pollard)/fly(0.733)",MYB63(MYB)/col-MYB63-DAP-Seq(GSE60143)/Homer
5-ACTAGTAG,Atf3(bZIP)/GBM-ATF3-ChIP-Seq(GSE33912)/Homer
"6-TCCACCTC,BestGuess:AT3G57600(AP2EREBP)/col-AT3G57600-DAP-Seq(GSE60143)/Homer(0.721)",AGL63(MADS)/col-AGL63-DAP-Seq(GSE60143)/Homer
6-TCCACCTC,MS188(MYB)/colamp-MS188-DAP-Seq(GSE60143)/Homer
"3-AACCCCGTCTCT,BestGuess:SRSF10(RRM)/Homo_sapiens-RNCMPT00090-PBM/HughesRNA(0.703)",16-CGACATCCTT
3-AACCCCGTCTCT,"16-CGACATCCTT,BestGuess:DDF2(AP2EREBP)/col-DDF2-DAP-Seq(GSE60143)/Homer(0.772)"
"6-CTCCATGTAAAA,BestGuess:Pp_0237(RRM)/Physcomitrella_patens-RNCMPT00237-PBM/HughesRNA(0.706)",MYB40(MYB)/col-MYB40-DAP-Seq(GSE60143)/Homer
6-CTCCATGTAAAA,AT4G26030(C2H2)/col-AT4G26030-DAP-Seq(GSE60143)/Homer
"7-ATGTWCCTGTCT,BestGuess:ENOX1(RRM)/Homo_sapiens-RNCMPT00149-PBM/HughesRNA(0.732)","21-RCGGTGGTYT,BestGuess:PB0196.1_Zbtb7b_2/Jaspar(0.710)"
7-ATGTWCCTGTCT,Sp1(Zf)/Promoter/Homer
"7-ACCTAGGT,BestGuess:SRS7(SRS)/colamp-SRS7-DAP-Seq(GSE60143)/Homer(0.759)",1-DVTGASTCAB
7-ACCTAGGT,10-WCGGCTCA
MYB81(MYB)/col-MYB81-DAP-Seq(GSE60143)/Homer,JunB(bZIP)/DendriticCells-Junb-ChIP-Seq(GSE36099)/Homer
"Brn1(POU,Homeobox)/NPC-Brn1-ChIP-Seq(GSE35496)/Homer",9-ATTGGTAAGT
AT1G47655(C2C2dof)/colamp-AT1G47655-DAP-Seq(GSE60143)/Homer,ASHR1(ND)/col-ASHR1-DAP-Seq(GSE60143)/Homer
OBP3(C2C2dof)/col-OBP3-DAP-Seq(GSE60143)/Homer,MYB62(MYB)/colamp-MYB62-DAP-Seq(GSE60143)/Homer
SOL1(CPP)/colamp-SOL1-DAP-Seq(GSE60143)/Homer,Jun-AP1(bZIP)/K562-cJun-ChIP-Seq(GSE31477)/Homer
ANAC045(NAC)/col-ANAC045-DAP-Seq(GSE60143)/Homer,Bach1(bZIP)/K562-Bach1-ChIP-Seq(GSE31477)/Homer
TCX2(CPP)/colamp-TCX2-DAP-Seq(GSE60143)/Homer,NFE2L2(bZIP)/HepG2-NFE2L2-ChIP-Seq(Encode)/Homer
At1g64620(C2C2dof)/colamp-At1g64620-DAP-Seq(GSE60143)/Homer,NF-E2(bZIP)/K562-NFE2-ChIP-Seq(GSE31477)/Homer
MYB65(MYB)/colamp-MYB65-DAP-Seq(GSE60143)/Homer,4-CAGGAATGTA
ANAC016(NAC)/col-ANAC016-DAP-Seq(GSE60143)/Homer,"4-CAGGAATGTA,BestGuess:TEAD2/MA1121.1/Jaspar(0.924)"
CLOCK(bHLH)/Liver-Clock-ChIP-Seq(GSE39860)/Homer,Nrf2(bZIP)/Lymphoblast-Nrf2-ChIP-Seq(GSE37589)/Homer
MYB70(MYB)/col-MYB70-DAP-Seq(GSE60143)/Homer,TEAD(TEA)/Fibroblast-PU.1-ChIP-Seq(Unpublished)/Homer
MYB73(MYB)/col-MYB73-DAP-Seq(GSE60143)/Homer,Pdx1(Homeobox)/Islet-Pdx1-ChIP-Seq(SRA008281)/Homer
STAT5(Stat)/mCD4+-Stat5-ChIP-Seq(GSE12346)/Homer,TEAD2(TEA)/Py2T-Tead2-ChIP-Seq(GSE55709)/Homer
bZIP52(bZIP)/colamp-bZIP52-DAP-Seq(GSE60143)/Homer,TEAD1(TEAD)/HepG2-TEAD1-ChIP-Seq(Encode)/Homer
VND2(NAC)/col-VND2-DAP-Seq(GSE60143)/Homer,"8-TGGDDBGC,BestGuess:TEAD3(TEA)/HepG2-TEAD3-ChIP-Seq(Encode)/Homer(0.714)"
Myf5(bHLH)/GM-Myf5-ChIP-Seq(GSE24852)/Homer,"9-ATTGGTAAGT,BestGuess:GTS1(MacIsaac)/Yeast(0.750)"
SMB(NAC)/colamp-SMB-DAP-Seq(GSE60143)/Homer,TEAD3(TEA)/HepG2-TEAD3-ChIP-Seq(Encode)/Homer
Ptf1a(bHLH)/Panc1-Ptf1a-ChIP-Seq(GSE47459)/Homer,Fra1(bZIP)/BT549-Fra1-ChIP-Seq(GSE46166)/Homer
At4g18890(BZR)/col-At4g18890-DAP-Seq(GSE60143)/Homer,Bach2(bZIP)/OCILy7-Bach2-ChIP-Seq(GSE44420)/Homer
NAC2(NAC)/colamp-NAC2-DAP-Seq(GSE60143)/Homer,MafB(bZIP)/BMM-Mafb-ChIP-Seq(GSE75722)/Homer
BMAL1(bHLH)/Liver-Bmal1-ChIP-Seq(GSE39860)/Homer,MafA(bZIP)/Islet-MafA-ChIP-Seq(GSE30298)/Homer
EBF1(EBF)/Near-E2A-ChIP-Seq(GSE21512)/Homer,TEAD4(TEA)/Tropoblast-Tead4-ChIP-Seq(GSE37350)/Homer
SGR5(C2H2)/colamp-SGR5-DAP-Seq(GSE60143)/Homer,MYB67(MYB)/col-MYB67-DAP-Seq(GSE60143)/Homer
At1g14580(C2H2)/colamp-At1g14580-DAP-Seq(GSE60143)/Homer,SOC1(MADS)/Seedling-SOC1-ChIP-Seq(GSE45846)/Homer
SPL1(SBP)/colamp-SPL1-DAP-Seq(GSE60143)/Homer,IDD7(C2H2)/col-IDD7-DAP-Seq(GSE60143)/Homer
"OCT4-SOX2-TCF-NANOG(POU,Homeobox,HMG)/mES-Oct4-ChIP-Seq(GSE11431)/Homer",AR-halfsite(NR)/LNCaP-AR-ChIP-Seq(GSE27824)/Homer
ATAF1(NAC)/col-ATAF1-DAP-Seq(GSE60143)/Homer,4-NKTGACCTTT
SeqBias:,"10-DTCMGCTG,BestGuess:PL0001.1_hlh-11/Jaspar(0.849)"
Ik-1,BIM2(bHLH)/col-BIM2-DAP-Seq(GSE60143)/Homer
Unknown6/Drosophila-Promoters/Homer,MYNN(Zf)/HEK293-MYNN.eGFP-ChIP-Seq(Encode)/Homer
VND6(NAC)/col-VND6-DAP-Seq(GSE60143)/Homer,12-GTACTGTT
Sox3(HMG)/NPC-Sox3-ChIP-Seq(GSE33059)/Homer,AP-2alpha(AP2)/Hela-AP2alpha-ChIP-Seq(GSE31477)/Homer
At2g01060(G2like)/colamp-At2g01060-DAP-Seq(GSE60143)/Homer,E-box/Arabidopsis-Promoters/Homer
IDD7(C2H2)/col-IDD7-DAP-Seq(GSE60143)/Homer,HLH-1(bHLH)/cElegans-Embryo-HLH1-ChIP-Seq(modEncode)/Homer
AT3G51470(DBP)/col-AT3G51470-DAP-Seq(GSE60143)/Homer,PRDM9(Zf)/Testis-DMC1-ChIP-Seq(GSE35498)/Homer
dof45(C2C2dof)/col-dof45-DAP-Seq(GSE60143)/Homer,"17-TATAAAAC,BestGuess:TATA-box/Drosophila-Promoters/Homer(0.738)"
FEA4(bZIP)/Corn-FEA4-ChIP-Seq(GSE61954)/Homer,Tcf4(HMG)/Hct116-Tcf4-ChIP-Seq(SRA012054)/Homer
AT2G20110(CPP)/colamp-AT2G20110-DAP-Seq(GSE60143)/Homer,AP-2gamma(AP2)/MCF7-TFAP2C-ChIP-Seq(GSE21234)/Homer
dof43(C2C2dof)/colamp-dof43-DAP-Seq(GSE60143)/Homer,17-TATAAAAC
Tgif2(Homeobox)/mES-Tgif2-ChIP-Seq(GSE55404)/Homer,bHLH34(bHLH)/colamp-bHLH34-DAP-Seq(GSE60143)/Homer
AT1G12630(AP2EREBP)/colamp-AT1G12630-DAP-Seq(GSE60143)/Homer,Hoxa13(Homeobox)/ChickenMSG-Hoxa13.Flag-ChIP-Seq(GSE86088)/Homer
Adof1(C2C2dof)/col-Adof1-DAP-Seq(GSE60143)/Homer,Tcf7(HMG)/GM12878-TCF7-ChIP-Seq(Encode)/Homer
Sox10(HMG)/SciaticNerve-Sox3-ChIP-Seq(GSE35132)/Homer,"10-WCGGCTCA,BestGuess:POL010.1_DCE_S_III/Jaspar(0.717)"
"Oct6(POU,Homeobox)/NPC-Pou3f1-ChIP-Seq(GSE35496)/Homer",PR(NR)/T47D-PR-ChIP-Seq(GSE31130)/Homer
TCFL2(HMG)/K562-TCF7L2-ChIP-Seq(GSE29196)/Homer,AtGRF6(GRF)/col-AtGRF6-DAP-Seq(GSE60143)/Homer
Nr5a2(NR)/Pancreas-LRH1-ChIP-Seq(GSE34295)/Homer,Max(bHLH)/K562-Max-ChIP-Seq(GSE31477)/Homer
DMRT6(DM)/Testis-DMRT6-ChIP-Seq(GSE60440)/Homer,MNT(bHLH)/HepG2-MNT-ChIP-Seq(Encode)/Homer
HEB(bHLH)/mES-Heb-ChIP-Seq(GSE53233)/Homer,NUC(C2H2)/col-NUC-DAP-Seq(GSE60143)/Homer
NTM1(NAC)/col-NTM1-DAP-Seq(GSE60143)/Homer,AtIDD11(C2H2)/colamp-AtIDD11-DAP-Seq(GSE60143)/Homer
COG1(C2C2dof)/col-COG1-DAP-Seq(GSE60143)/Homer,Nur77(NR)/K562-NR4A1-ChIP-Seq(GSE31363)/Homer
Hoxa13(Homeobox)/ChickenMSG-Hoxa13.Flag-ChIP-Seq(GSE86088)/Homer,"12-TGCACCTGCT,BestGuess:sna/dmmpmm(Bergman)/fly(0.854)"
At1g76110(ARID)/colamp-At1g76110-DAP-Seq(GSE60143)/Homer,IDD2(C2H2)/colamp-IDD2-DAP-Seq(GSE60143)/Homer
AtGRF6(GRF)/col-AtGRF6-DAP-Seq(GSE60143)/Homer,Tcf3(HMG)/mES-Tcf3-ChIP-Seq(GSE11724)/Homer
Sox2(HMG)/mES-Sox2-ChIP-Seq(GSE11431)/Homer,ABI5(bZIP)/col-ABI5-DAP-Seq(GSE60143)/Homer
"Oct4(POU,Homeobox)/mES-Oct4-ChIP-Seq(GSE11431)/Homer","14-GTCAGTCGAC,BestGuess:Initiator/Drosophila-Promoters/Homer(0.796)"
MYNN(Zf)/HEK293-MYNN.eGFP-ChIP-Seq(Encode)/Homer,At5g66730(C2H2)/colamp-At5g66730-DAP-Seq(GSE60143)/Homer
Sox4(HMG)/proB-Sox4-ChIP-Seq(GSE50066)/Homer,"22-CGGCTGGCCGGG,BestGuess:Vts1p(SAM)/Saccharomyces_cerevisiae-RNCMPT00111-PBM/HughesRNA(0.733)"
bHLHE41(bHLH)/proB-Bhlhe41-ChIP-Seq(GSE93764)/Homer,7-AGATACAAGA
NPAS2(bHLH)/Liver-NPAS2-ChIP-Seq(GSE39860)/Homer,16-GCCGCCCCGT
Sox15(HMG)/CPA-Sox15-ChIP-Seq(GSE62909)/Homer,GATA20(C2C2gata)/colamp-GATA20-DAP-Seq(GSE60143)/Homer
IBL1(bHLH)/Seedling-IBL1-ChIP-Seq(GSE51120)/Homer,14-GTCAGTCGAC
MITF(bHLH)/MastCells-MITF-ChIP-Seq(GSE48085)/Homer,22-CGGCTGGCCGGG
Sox17(HMG)/Endoderm-Sox17-ChIP-Seq(GSE61475)/Homer,11-TTTGCAACAGCA
Sox6(HMG)/Myotubes-Sox6-ChIP-Seq(GSE32627)/Homer,12-TGCACCTGCT
TFE3(bHLH)/MEF-TFE3-ChIP-Seq(GSE75757)/Homer,Erra(NR)/HepG2-Erra-ChIP-Seq(GSE31477)/Homer
NPAS(bHLH)/Liver-NPAS-ChIP-Seq(GSE39860)/Homer,"16-GCCGCCCCGT,BestGuess:MSN2/MSN2_H2O2Hi/1-MSN2(Harbison)/Yeast(0.764)"
MNT(bHLH)/HepG2-MNT-ChIP-Seq(Encode)/Homer,c-Myc(bHLH)/mES-cMyc-ChIP-Seq(GSE11431)/Homer
Max(bHLH)/K562-Max-ChIP-Seq(GSE31477)/Homer,"7-AGATACAAGA,BestGuess:Nv_0278(RRM)/Nematostella_vectensis-RNCMPT00278-PBM/HughesRNA(0.724)"
Nur77(NR)/K562-NR4A1-ChIP-Seq(GSE31363)/Homer,n-Myc(bHLH)/mES-nMyc-ChIP-Seq(GSE11431)/Homer
bHLHE40(bHLH)/HepG2-BHLHE40-ChIP-Seq(GSE31477)/Homer,5-CACCATGTTG
E-box(bHLH)/Promoter/Homer,At2g01060(G2like)/colamp-At2g01060-DAP-Seq(GSE60143)/Homer
bHLH34(bHLH)/colamp-bHLH34-DAP-Seq(GSE60143)/Homer,"11-TTTGCAACAGCA,BestGuess:CEBP:AP1(bZIP)/ThioMac-CEBPb-ChIP-Seq(GSE21512)/Homer(0.784)"
PIF5ox(bHLH)/Arabidopsis-PIF5ox-ChIP-Seq(GSE35062)/Homer,Pho4(bHLH)/Yeast-Pho4-ChIP-Seq(GSE29506)/Homer
bHLH74(bHLH)/col-bHLH74-DAP-Seq(GSE60143)/Homer,"13-ACACGAAGCA,BestGuess:HNRNPL(RRM)/Homo_sapiens-RNCMPT00091-PBM/HughesRNA(0.712)"
c-Myc(bHLH)/LNCAP-cMyc-ChIP-Seq(Unpublished)/Homer,"15-CCTCCCGGRTTC,BestGuess:SF2(RRM)/Drosophila_melanogaster-RNCMPT00066-PBM/HughesRNA(0.654)"
n-Myc(bHLH)/mES-nMyc-ChIP-Seq(GSE11431)/Homer,15-KAKACKTTTC
At4g36780(BZR)/col-At4g36780-DAP-Seq(GSE60143)/Homer,NLP7(RWPRK)/col-NLP7-DAP-Seq(GSE60143)/Homer
E-box/Arabidopsis-Promoters/Homer,EBF1(EBF)/Near-E2A-ChIP-Seq(GSE21512)/Homer
LEF1(HMG)/H1-LEF1-ChIP-Seq(GSE64758)/Homer,ATAF1(NAC)/col-ATAF1-DAP-Seq(GSE60143)/Homer
PIF7(bHLH)/col-PIF7-DAP-Seq(GSE60143)/Homer,13-ACACGAAGCA
At1g78700(BZR)/col-At1g78700-DAP-Seq(GSE60143)/Homer,At1g78700(BZR)/col-At1g78700-DAP-Seq(GSE60143)/Homer
Pho2(bHLH)/Yeast-Pho2-ChIP-Seq(GSE29506)/Homer,TATA-Box(TBP)/Promoter/Homer
ABF1(bZIP)/Arabidopsis-ABF1-ChIP-Seq(GSE80564)/Homer,"17-CCAAGATCGC,BestGuess:MATR3(RRM)/Homo_sapiens-RNCMPT00037-PBM/HughesRNA(0.775)"
BIM2(bHLH)/col-BIM2-DAP-Seq(GSE60143)/Homer,SPL9(SBP)/colamp-SPL9-DAP-Seq(GSE60143)/Homer
Esrrb(NR)/mES-Esrrb-ChIP-Seq(GSE11431)/Homer,6-CTCCATGTAAAA
Tcf4(HMG)/Hct116-Tcf4-ChIP-Seq(SRA012054)/Homer,Tgif2(Homeobox)/mES-Tgif2-ChIP-Seq(GSE55404)/Homer
Ap4(bHLH)/AML-Tfap4-ChIP-Seq(GSE45738)/Homer,FEA4(bZIP)/Corn-FEA4-ChIP-Seq(GSE61954)/Homer
AP-2gamma(AP2)/MCF7-TFAP2C-ChIP-Seq(GSE21234)/Homer,"11-TCCAGGCTGG,BestGuess:YML081W(MacIsaac)/Yeast(0.714)"
Zac1(Zf)/Neuro2A-Plagl1-ChIP-Seq(GSE75942)/Homer,"11-TAGCCGGG,BestGuess:NHP10/MA0344.1/Jaspar(0.697)"
Pho4(bHLH)/Yeast-Pho4-ChIP-Seq(GSE29506)/Homer,bZIP52(bZIP)/colamp-bZIP52-DAP-Seq(GSE60143)/Homer
BIM3(bHLH)/col-BIM3-DAP-Seq(GSE60143)/Homer,CArG(MADS)/PUER-Srf-ChIP-Seq(Sullivan_et_al.)/Homer
HY5(bZIP)/colamp-HY5-DAP-Seq(GSE60143)/Homer,"14-TCTGCCGA,BestGuess:RDS1/RDS1_H2O2Hi/[](Harbison)/Yeast(0.740)"
Tcf7(HMG)/GM12878-TCF7-ChIP-Seq(Encode)/Homer,11-TCCAGGCTGG
BIM1(bHLH)/colamp-BIM1-DAP-Seq(GSE60143)/Homer,TCFL2(HMG)/K562-TCF7L2-ChIP-Seq(GSE29196)/Homer
USF1(bHLH)/GM12878-Usf1-ChIP-Seq(GSE32465)/Homer,ATHB15(HB)/col-ATHB15-DAP-Seq(GSE60143)/Homer
NLP7(RWPRK)/col-NLP7-DAP-Seq(GSE60143)/Homer,"Oct6(POU,Homeobox)/NPC-Pou3f1-ChIP-Seq(GSE35496)/Homer"
c-Myc(bHLH)/mES-cMyc-ChIP-Seq(GSE11431)/Homer,"15-KAKACKTTTC,BestGuess:DOF2.4/MA0982.1/Jaspar(0.723)"
bZIP68(bZIP)/col-bZIP68-DAP-Seq(GSE60143)/Homer,"7-ATGTWCCTGTCT,BestGuess:ENOX1(RRM)/Homo_sapiens-RNCMPT00149-PBM/HughesRNA(0.732)"
SCL(bHLH)/HPC7-Scl-ChIP-Seq(GSE13511)/Homer,PIF7(bHLH)/col-PIF7-DAP-Seq(GSE60143)/Homer
PRDM9(Zf)/Testis-DMC1-ChIP-Seq(GSE35498)/Homer,"Oct4(POU,Homeobox)/mES-Oct4-ChIP-Seq(GSE11431)/Homer"
AT2G28810(C2C2dof)/colamp-AT2G28810-DAP-Seq(GSE60143)/Homer,"25-TGGCAAGGCG,BestGuess:NF1-halfsite(CTF)/LNCaP-NF1-ChIP-Seq(Unpublished)/Homer(0.688)"
ABI5(bZIP)/col-ABI5-DAP-Seq(GSE60143)/Homer,"12-TTTTGTATATTT,BestGuess:IDD5(C2H2)/colamp-IDD5-DAP-Seq(GSE60143)/Homer(0.754)"
Erra(NR)/HepG2-Erra-ChIP-Seq(GSE31477)/Homer,17-CCAAGATCGC
E-box/Drosophila-Promoters/Homer,11-TAGCCGGG
bZIP48(bZIP)/colamp-bZIP48-DAP-Seq(GSE60143)/Homer,MYB70(MYB)/col-MYB70-DAP-Seq(GSE60143)/Homer
Sox9(HMG)/Limb-SOX9-ChIP-Seq(GSE73225)/Homer,BAM8(BES1)/col-BAM8-DAP-Seq(GSE60143)/Homer
AP-2alpha(AP2)/Hela-AP2alpha-ChIP-Seq(GSE31477)/Homer,"14-CCTGGGTACTTG,BestGuess:PB0159.1_Rfx4_2/Jaspar(0.631)"
AR-halfsite(NR)/LNCaP-AR-ChIP-Seq(GSE27824)/Homer,14-CCTGGGTACTTG
bZIP3(bZIP)/col-bZIP3-DAP-Seq(GSE60143)/Homer,15-TAAAACGGTGCT
dof42(C2C2dof)/col-dof42-DAP-Seq(GSE60143)/Homer,"16-GGACCGTG,BestGuess:NRG1/NRG1_H2O2Hi/[](Harbison)/Yeast(0.713)"
GBF5(bZIP)/colamp-GBF5-DAP-Seq(GSE60143)/Homer,24-CCCCGTCCGGGA
AtIDD11(C2H2)/colamp-AtIDD11-DAP-Seq(GSE60143)/Homer,"21-ACGCTTCCCT,BestGuess:MBP1/MBP1_H2O2Hi/[](Harbison)/Yeast(0.650)"
At5g66730(C2H2)/colamp-At5g66730-DAP-Seq(GSE60143)/Homer,"15-TAAAACGGTGCT,BestGuess:ABI4(2)(AP2/EREBP)/Zea"
AREB3(bZIP)/col-AREB3-DAP-Seq(GSE60143)/Homer,"18-GGACCCCCATCG,BestGuess:GLIS2/MA0736.1/Jaspar(0.672)"
"Oct4:Sox17(POU,Homeobox,HMG)/F9-Sox17-ChIP-Seq(GSE44553)/Homer",21-ACGCTTCCCT
bZIP53(bZIP)/colamp-bZIP53-DAP-Seq(GSE60143)/Homer,"6-CTCCATGTAAAA,BestGuess:Pp_0237(RRM)/Physcomitrella_patens-RNCMPT00237-PBM/HughesRNA(0.706)"
Usf2(bHLH)/C2C12-Usf2-ChIP-Seq(GSE36030)/Homer,MYB65(MYB)/colamp-MYB65-DAP-Seq(GSE60143)/Homer
BAM8(BES1)/col-BAM8-DAP-Seq(GSE60143)/Homer,LRF(Zf)/Erythroblasts-ZBTB7A-ChIP-Seq(GSE74977)/Homer
PR(NR)/T47D-PR-ChIP-Seq(GSE31130)/Homer,"25-GCCAGGGGGGGA,BestGuess:MSN2/MSN2_H2O2Hi/1-MSN2(Harbison)/Yeast(0.706)"
Twist(bHLH)/HMLE-TWIST1-ChIP-Seq(Chang_et_al)/Homer,8-ATTAGGGATTGG
bZIP16(bZIP)/colamp-bZIP16-DAP-Seq(GSE60143)/Homer,STAT6(Stat)/Macrophage-Stat6-ChIP-Seq(GSE38377)/Homer
ABF2(bZIP)/col-ABF2-DAP-Seq(GSE60143)/Homer,"11-TGCGGAAGGC,BestGuess:RDR1/MA0360.1/Jaspar(0.762)"
bHLH18(bHLH)/col-bHLH18-DAP-Seq(GSE60143)/Homer,GBF3(bZIP)/Arabidopsis-GBF3-ChIP-Seq(GSE80564)/Homer
MyoG(bHLH)/C2C12-MyoG-ChIP-Seq(GSE36024)/Homer,MYB73(MYB)/col-MYB73-DAP-Seq(GSE60143)/Homer
GBF6(bZIP)/colamp-GBF6-DAP-Seq(GSE60143)/Homer,Ik-1
STAT6(Stat)/Macrophage-Stat6-ChIP-Seq(GSE38377)/Homer,11-TGCGGAAGGC
AT2G33550(Trihelix)/colamp-AT2G33550-DAP-Seq(GSE60143)/Homer,GATA15(C2C2gata)/col-GATA15-DAP-Seq(GSE60143)/Homer
SPCH(bHLH)/Seedling-SPCH-ChIP-Seq(GSE57497)/Homer,Pho2(bHLH)/Yeast-Pho2-ChIP-Seq(GSE29506)/Homer
At5g62940(C2C2dof)/col-At5g62940-DAP-Seq(GSE60143)/Homer,At4g36780(BZR)/col-At4g36780-DAP-Seq(GSE60143)/Homer
IDD2(C2H2)/colamp-IDD2-DAP-Seq(GSE60143)/Homer,bZIP68(bZIP)/col-bZIP68-DAP-Seq(GSE60143)/Homer
GT3a(Trihelix)/col-GT3a-DAP-Seq(GSE60143)/Homer,At1g76110(ARID)/colamp-At1g76110-DAP-Seq(GSE60143)/Homer
GATA20(C2C2gata)/colamp-GATA20-DAP-Seq(GSE60143)/Homer,AT2G33550(Trihelix)/colamp-AT2G33550-DAP-Seq(GSE60143)/Homer
bZIP28(bZIP)/col-bZIP28-DAP-Seq(GSE60143)/Homer,At4g18890(BZR)/col-At4g18890-DAP-Seq(GSE60143)/Homer
HLH-1(bHLH)/cElegans-Embryo-HLH1-ChIP-Seq(modEncode)/Homer,bZIP48(bZIP)/colamp-bZIP48-DAP-Seq(GSE60143)/Homer
BBX31(Orphan)/col-BBX31-DAP-Seq(GSE60143)/Homer,14-TCTGCCGA
Tcf3(HMG)/mES-Tcf3-ChIP-Seq(GSE11724)/Homer,19-GGGACTACAG
GBF3(bZIP)/Arabidopsis-GBF3-ChIP-Seq(GSE80564)/Homer,AT3G51470(DBP)/col-AT3G51470-DAP-Seq(GSE60143)/Homer
THRb(NR)/Liver-NR1A2-ChIP-Seq(GSE52613)/Homer,9-GTTCAAGC
PIF4(bHLH)/Seedling-PIF4-ChIP-Seq(GSE35315)/Homer,"23-GAGGCAYCCG,BestGuess:PHD1(MacIsaac)/Yeast(0.716)"
RAP211(AP2EREBP)/colamp-RAP211-DAP-Seq(GSE60143)/Homer,Twist(bHLH)/HMLE-TWIST1-ChIP-Seq(Chang_et_al)/Homer
Tcf12(bHLH)/GM12878-Tcf12-ChIP-Seq(GSE32465)/Homer,25-TGGCAAGGCG
GATA15(C2C2gata)/col-GATA15-DAP-Seq(GSE60143)/Homer,23-CATTTAKCCG
LRF(Zf)/Erythroblasts-ZBTB7A-ChIP-Seq(GSE74977)/Homer,"23-CATTTAKCCG,BestGuess:PB0163.1_Six6_2/Jaspar(0.742)"
MyoD(bHLH)/Myotube-MyoD-ChIP-Seq(GSE21614)/Homer,Nr5a2(NR)/Pancreas-LRH1-ChIP-Seq(GSE34295)/Homer
SPL9(SBP)/colamp-SPL9-DAP-Seq(GSE60143)/Homer,16-GGACCGTG
AT3G52440(C2C2dof)/colamp-AT3G52440-DAP-Seq(GSE60143)/Homer,"8-ATTAGGGATTGG,BestGuess:AT1G72740/MA1353.1/Jaspar(0.692)"
NUC(C2H2)/col-NUC-DAP-Seq(GSE60143)/Homer,IBL1(bHLH)/Seedling-IBL1-ChIP-Seq(GSE51120)/Homer
AT5G02460(C2C2dof)/col-AT5G02460-DAP-Seq(GSE60143)/Homer,"17-GGCTMATAGG,BestGuess:SRS7(SRS)/colamp-SRS7-DAP-Seq(GSE60143)/Homer(0.670)"
TATA-Box(TBP)/Promoter/Homer,Esrrb(NR)/mES-Esrrb-ChIP-Seq(GSE11431)/Homer
Cbf1(bHLH)/Yeast-Cbf1-ChIP-Seq(GSE29506)/Homer,ABF2(bZIP)/col-ABF2-DAP-Seq(GSE60143)/Homer
"12-GTACTGTT,BestGuess:PB0141.1_Isgf3g_2/Jaspar(0.779)",Etv2(ETS)/ES-ER71-ChIP-Seq(GSE59402)/Homer(0.967)
12-GTACTGTT,21-GAAKGTGRGDKT
"11-TTTGCAACAGCA,BestGuess:CEBP:AP1(bZIP)/ThioMac-CEBPb-ChIP-Seq(GSE21512)/Homer(0.784)",12-TTTTGTATATTT
11-TTTGCAACAGCA,"20-ATAGATATTA,BestGuess:LHY(Myb)/Seedling-LHY-ChIP-Seq(GSE52175)/Homer(0.745)"
"9-AGCCCCTCTT,BestGuess:TDA9/MA0431.1/Jaspar(0.745)",GBF5(bZIP)/colamp-GBF5-DAP-Seq(GSE60143)/Homer
9-AGCCCCTCTT,"19-CCTCGYGGGGGG,BestGuess:GLIS2/MA0736.1/Jaspar(0.769)"
"14-TCTGCCGA,BestGuess:RDS1/RDS1_H2O2Hi/[](Harbison)/Yeast(0.740)",Zac1(Zf)/Neuro2A-Plagl1-ChIP-Seq(GSE75942)/Homer
14-TCTGCCGA,HY5(bZIP)/colamp-HY5-DAP-Seq(GSE60143)/Homer
"14-CCTGGGTACTTG,BestGuess:PB0159.1_Rfx4_2/Jaspar(0.631)",25-GCCAGGGGGGGA
14-CCTGGGTACTTG,AT2G31460(REMB3)/col-AT2G31460-DAP-Seq(GSE60143)/Homer
"11-TGCGGAAGGC,BestGuess:RDR1/MA0360.1/Jaspar(0.762)",19-CCTCGYGGGGGG
11-TGCGGAAGGC,15-CCTCCCGGRTTC
"15-TAAAACGGTGCT,BestGuess:ABI4(2)(AP2/EREBP)/Zea","19-GGGACTACAG,BestGuess:PTF1(TCP)/colamp-PTF1-DAP-Seq(GSE60143)/Homer(0.747)"
15-TAAAACGGTGCT,"20-ATCGCAGGGGGG,BestGuess:CHA4(MacIsaac)/Yeast(0.646)"
"12-TGCACCTGCT,BestGuess:sna/dmmpmm(Bergman)/fly(0.854)",GT3a(Trihelix)/col-GT3a-DAP-Seq(GSE60143)/Homer
12-TGCACCTGCT,18-GGACCCCCATCG
"13-ACACGAAGCA,BestGuess:HNRNPL(RRM)/Homo_sapiens-RNCMPT00091-PBM/HughesRNA(0.712)",16-GGCTGGCTCTCA
13-ACACGAAGCA,DMRT6(DM)/Testis-DMRT6-ChIP-Seq(GSE60440)/Homer
"14-GTCAGTCGAC,BestGuess:Initiator/Drosophila-Promoters/Homer(0.796)",CRC(C2C2YABBY)/col-CRC-DAP-Seq(GSE60143)/Homer
14-GTCAGTCGAC,GBF6(bZIP)/colamp-GBF6-DAP-Seq(GSE60143)/Homer
"1-GTCACATGAC,BestGuess:MITF(bHLH)/MastCells-MITF-ChIP-Seq(GSE48085)/Homer(0.948)",14-AGAGCATTCCAA
1-GTCACATGAC,AT1G12630(AP2EREBP)/colamp-AT1G12630-DAP-Seq(GSE60143)/Homer
"15-KAKACKTTTC,BestGuess:DOF2.4/MA0982.1/Jaspar(0.723)","16-GGCTGGCTCTCA,BestGuess:PBX1(Homeobox)/MCF7-PBX1-ChIP-Seq(GSE28007)/Homer(0.703)"
15-KAKACKTTTC,RAP211(AP2EREBP)/colamp-RAP211-DAP-Seq(GSE60143)/Homer
"16-GGCTGGCTCTCA,BestGuess:PBX1(Homeobox)/MCF7-PBX1-ChIP-Seq(GSE28007)/Homer(0.703)",8-AATTTTTACT
16-GGCTGGCTCTCA,"14-AGAGCATTCCAA,BestGuess:TEAD3(TEA)/HepG2-TEAD3-ChIP-Seq(Encode)/Homer(0.742)"
"18-GGACCCCCATCG,BestGuess:GLIS2/MA0736.1/Jaspar(0.672)","8-AATTTTTACT,BestGuess:ATHB-16/MA0951.1/Jaspar(0.738)"
18-GGACCCCCATCG,"21-TCTCCTGCACTA,BestGuess:SRSF2(RRM)/Homo_sapiens-RNCMPT00072-PBM/HughesRNA(0.681)"
"19-CCTCGYGGGGGG,BestGuess:GLIS2/MA0736.1/Jaspar(0.769)",Atf7(bZIP)/3T3L1-Atf7-ChIP-Seq(GSE56872)/Homer
19-CCTCGYGGGGGG,"13-GGTTTCAC,BestGuess:IRF4(IRF)/GM12878-IRF4-ChIP-Seq(GSE32465)/Homer(0.840)"
"20-ATCGCAGGGGGG,BestGuess:CHA4(MacIsaac)/Yeast(0.646)",HEB(bHLH)/mES-Heb-ChIP-Seq(GSE53233)/Homer
20-ATCGCAGGGGGG,"Brn1(POU,Homeobox)/NPC-Brn1-ChIP-Seq(GSE35496)/Homer"
"16-GGACCGTG,BestGuess:NRG1/NRG1_H2O2Hi/[](Harbison)/Yeast(0.713)","21-GAAKGTGRGDKT,BestGuess:TEC1(MacIsaac)/Yeast(0.694)"
16-GGACCGTG,20-ATAGATATTA
"17-TATAAAAC,BestGuess:TATA-box/Drosophila-Promoters/Homer(0.738)",NTM1(NAC)/col-NTM1-DAP-Seq(GSE60143)/Homer
17-TATAAAAC,AT2G20110(CPP)/colamp-AT2G20110-DAP-Seq(GSE60143)/Homer
"16-GCCGCCCCGT,BestGuess:MSN2/MSN2_H2O2Hi/1-MSN2(Harbison)/Yeast(0.764)",ANAC016(NAC)/col-ANAC016-DAP-Seq(GSE60143)/Homer
16-GCCGCCCCGT,bZIP28(bZIP)/col-bZIP28-DAP-Seq(GSE60143)/Homer
"17-GGCTMATAGG,BestGuess:SRS7(SRS)/colamp-SRS7-DAP-Seq(GSE60143)/Homer(0.670)",bZIP3(bZIP)/col-bZIP3-DAP-Seq(GSE60143)/Homer
17-GGCTMATAGG,"9-GTTCAAGC,BestGuess:Ct/dmmpmm(Noyes_hd)/fly(0.909)"
"21-TCTCCTGCACTA,BestGuess:SRSF2(RRM)/Homo_sapiens-RNCMPT00072-PBM/HughesRNA(0.681)","10-ACCAGATAGTCT,BestGuess:TAL1::TCF3/MA0091.1/Jaspar(0.713)"
21-TCTCCTGCACTA,"23-ATTACACGTGAT,BestGuess:TFE3/MA0831.2/Jaspar(0.727)"
"3-AAAGARGCCTTT,BestGuess:DOF5.7/MA0984.1/Jaspar(0.676)",THRb(NR)/Liver-NR1A2-ChIP-Seq(GSE52613)/Homer
3-AAAGARGCCTTT,Atf2(bZIP)/3T3L1-Atf2-ChIP-Seq(GSE56872)/Homer
"22-CGGCTGGCCGGG,BestGuess:Vts1p(SAM)/Saccharomyces_cerevisiae-RNCMPT00111-PBM/HughesRNA(0.733)","24-CCCCGTCCGGGA,BestGuess:Zfp809(Zf)/ES-Zfp809-ChIP-Seq(GSE70799)/Homer(0.675)"
22-CGGCTGGCCGGG,"12-CCTCKGCCTC,BestGuess:ZNF519(Zf)/HEK293-ZNF519.GFP-ChIP-Seq(GSE58341)/Homer(0.736)"
"21-ACGCTTCCCT,BestGuess:MBP1/MBP1_H2O2Hi/[](Harbison)/Yeast(0.650)",bZIP16(bZIP)/colamp-bZIP16-DAP-Seq(GSE60143)/Homer
21-ACGCTTCCCT,23-GAGGCAYCCG
"23-ATTACACGTGAT,BestGuess:TFE3/MA0831.2/Jaspar(0.727)",13-GATAGATAGA
23-ATTACACGTGAT,20-ATCGCAGGGGGG
"24-CCCCGTCCGGGA,BestGuess:Zfp809(Zf)/ES-Zfp809-ChIP-Seq(GSE70799)/Homer(0.675)",ANAC045(NAC)/col-ANAC045-DAP-Seq(GSE60143)/Homer
24-CCCCGTCCGGGA,KLF3(Zf)/MEF-Klf3-ChIP-Seq(GSE44748)/Homer
"23-GAGGCAYCCG,BestGuess:PHD1(MacIsaac)/Yeast(0.716)",12-CCTCKGCCTC
23-GAGGCAYCCG,VND6(NAC)/col-VND6-DAP-Seq(GSE60143)/Homer
"25-GCCAGGGGGGGA,BestGuess:MSN2/MSN2_H2O2Hi/1-MSN2(Harbison)/Yeast(0.706)",21-TCTCCTGCACTA
25-GCCAGGGGGGGA,YY1(Zf)/Promoter/Homer
"25-TGGCAAGGCG,BestGuess:NF1-halfsite(CTF)/LNCaP-NF1-ChIP-Seq(Unpublished)/Homer(0.688)",10-ACCAGATAGTCT
25-TGGCAAGGCG,ISRE(IRF)/ThioMac-LPS-Expression(GSE23622)/Homer
"2-VBCCTTTGTT,BestGuess:Sox10(HMG)/SciaticNerve-Sox3-ChIP-Seq(GSE35132)/Homer(0.977)",NAC2(NAC)/colamp-NAC2-DAP-Seq(GSE60143)/Homer
2-VBCCTTTGTT,bZIP53(bZIP)/colamp-bZIP53-DAP-Seq(GSE60143)/Homer
"4-NKTGACCTTT,BestGuess:Nur77(NR)/K562-NR4A1-ChIP-Seq(GSE31363)/Homer(0.950)",23-ATTACACGTGAT
4-NKTGACCTTT,13-GGACCATTTGGC
"7-AGATACAAGA,BestGuess:Nv_0278(RRM)/Nematostella_vectensis-RNCMPT00278-PBM/HughesRNA(0.724)",17-GGCTMATAGG
7-AGATACAAGA,"13-GGACCATTTGGC,BestGuess:PB0193.1_Tcfe2a_2/Jaspar(0.701)"
"8-ATTAGGGATTGG,BestGuess:AT1G72740/MA1353.1/Jaspar(0.692)",AREB3(bZIP)/col-AREB3-DAP-Seq(GSE60143)/Homer
8-ATTAGGGATTGG,"20-TATCAGCATCCA,BestGuess:SWI5/Literature(Harbison)/Yeast(0.649)"
"10-DTCMGCTG,BestGuess:PL0001.1_hlh-11/Jaspar(0.849)",13-GGTTTCAC
10-DTCMGCTG,VND2(NAC)/col-VND2-DAP-Seq(GSE60143)/Homer
"9-GCTGCCTTCAAA,BestGuess:MOT3/MA0340.1/Jaspar(0.649)",20-TATCAGCATCCA
9-GCTGCCTTCAAA,SMB(NAC)/colamp-SMB-DAP-Seq(GSE60143)/Homer
"11-CTTTCATA,BestGuess:AT/dmmpmm(Papatsenko)/fly(0.771)",c-Jun-CRE(bZIP)/K562-cJun-ChIP-Seq(GSE31477)/Homer
11-CTTTCATA,"13-GATAGATAGA,BestGuess:HNRNPAB(RRM)/Tetraodon_nigroviridis-RNCMPT00245-PBM/HughesRNA(0.747)"
